date,open,high,low,close,volume,symbol
2025-02-24,0.1405,0.1405,0.1405,0.1405,0,TCS
2025-02-21,0.1405,0.1405,0.1405,0.1405,0,TCS
2025-02-20,0.1405,0.1405,0.1405,0.1405,0,TCS
2025-02-19,0.1405,0.1405,0.1405,0.1405,0,TCS
2025-02-18,0.1405,0.1405,0.1405,0.1405,0,TCS
2025-02-14,0.1405,0.1405,0.1405,0.1405,0,TCS
2025-02-13,0.1405,0.1405,0.1405,0.1405,0,TCS
2025-02-12,0.1405,0.1405,0.1405,0.1405,0,TCS
2025-02-11,0.1405,0.1405,0.1405,0.1405,0,TCS
2025-02-10,0.1405,0.1405,0.1405,0.1405,0,TCS
2025-02-07,0.1405,0.1405,0.1405,0.1405,0,TCS
2025-02-06,0.1405,0.1405,0.1405,0.1405,0,TCS
2025-02-05,0.1405,0.1405,0.1405,0.1405,0,TCS
2025-02-04,0.1405,0.1405,0.1405,0.1405,0,TCS
2025-02-03,0.1405,0.1405,0.1405,0.1405,0,TCS
2025-01-31,0.1405,0.1405,0.1405,0.1405,0,TCS
2025-01-30,0.1405,0.1405,0.1405,0.1405,0,TCS
2025-01-29,0.1405,0.1405,0.1405,0.1405,0,TCS
2025-01-28,0.273,0.273,0.1349,0.1405,230978,TCS
2025-01-27,0.2214,0.2839,0.175,0.2,104636,TCS
2025-01-24,0.275,0.2839,0.2214,0.2839,33596,TCS
2025-01-23,0.235,0.285,0.2114,0.2214,20935,TCS
2025-01-22,0.2625,0.28,0.2301,0.28,22725,TCS
2025-01-21,0.24,0.2849,0.23,0.2725,87432,TCS
2025-01-17,0.25,0.2849,0.24,0.25,14373,TCS
2025-01-16,0.24,0.2849,0.24,0.25,9224,TCS
2025-01-15,0.24,0.296,0.24,0.25,10140,TCS
2025-01-14,0.299,0.299,0.235,0.24,10172,TCS
2025-01-13,0.23,0.2997,0.23,0.2997,10686,TCS
2025-01-10,0.28,0.2997,0.23,0.23,17271,TCS
2025-01-08,0.23,0.2989,0.227,0.26,107587,TCS
2025-01-07,0.23,0.289,0.22,0.23,33909,TCS
2025-01-06,0.24,0.3,0.211,0.29,44726,TCS
2025-01-03,0.215,0.32,0.1606,0.23,125815,TCS
2025-01-02,0.16,0.34,0.16,0.25,96524,TCS
2024-12-31,0.31,0.34,0.1937,0.25,103592,TCS
2024-12-30,0.2002,0.4119,0.1667,0.3,154381,TCS
2024-12-27,0.17,0.3999,0.105,0.2001,295498,TCS
2024-12-26,0.1811,0.2088,0.155,0.155,113556,TCS
2024-12-24,0.2083,0.2088,0.1761,0.2,94896,TCS
2024-12-09,2.19,2.84,2.01,2.65,348229,TCS
2024-12-06,2.01,2.38,2.01,2.16,184186,TCS
2024-12-05,2.3,2.42,1.9,2.02,280577,TCS
2024-12-04,2.42,3.39,2.32,2.37,921487,TCS
2024-12-03,2.49,2.51,1.79,2.36,517582,TCS
2024-12-02,3.5,3.5,2.45,2.55,315646,TCS
2024-11-29,3.45,3.5,3.18,3.5,88711,TCS
2024-11-27,3.68,3.68,3.32,3.44,102701,TCS
2024-11-26,3.84,3.84,3.4807,3.61,69262,TCS
2024-11-25,4.12,4.22,3.71,3.81,81625,TCS
2024-11-22,3.86,4.1988,3.73,3.97,83019,TCS
2024-11-21,3.9,4.34,3.685,3.88,161951,TCS
2024-11-20,4.23,4.48,4.05,4.31,122478,TCS
2024-11-19,4.11,4.37,4.0,4.29,74334,TCS
2024-11-18,4.5,4.5,4.1,4.13,129022,TCS
2024-11-15,5.29,5.35,4.36,4.39,144106,TCS
2024-11-14,5.41,5.66,5.15,5.17,114265,TCS
2024-11-13,5.0,5.5,4.73,5.44,276046,TCS
2024-11-12,4.5,5.0,4.47,4.73,118293,TCS
2024-11-11,4.41,4.71,4.36,4.51,91341,TCS
2024-11-08,4.47,4.6146,4.33,4.36,40176,TCS
2024-11-07,4.43,4.7441,4.23,4.54,91286,TCS
2024-11-06,4.75,4.86,4.301,4.49,111279,TCS
2024-11-05,4.52,5.1,4.32,4.86,103578,TCS
2024-11-04,4.56,4.98,4.36,4.64,199650,TCS
2024-11-01,4.71,4.89,4.22,4.5,295976,TCS
2024-10-31,5.39,5.5,3.5,4.64,1265043,TCS
2024-10-30,8.03,8.03,4.8032,5.24,1106299,TCS
2024-10-29,9.97,9.97,8.3,8.39,171658,TCS
2024-10-28,9.39,10.23,9.15,9.58,114883,TCS
2024-10-25,10.1,10.8,9.37,9.57,89248,TCS
2024-10-24,10.78,11.19,9.53,10.25,152373,TCS
2024-10-23,12.0,12.4141,10.865,11.13,114045,TCS
2024-10-22,12.15,12.49,11.8,12.0,103852,TCS
2024-10-21,11.79,12.27,11.31,12.07,78674,TCS
2024-10-18,11.42,12.835,11.42,12.0,127303,TCS
2024-10-17,12.18,12.2799,11.39,11.8,78694,TCS
2024-10-16,13.76,13.855,11.82,12.0,359374,TCS
2024-10-15,13.56,13.56,10.44,10.7,139803,TCS
2024-10-14,16.92,18.6384,13.165,13.36,177576,TCS
2024-10-11,10.44,18.185,10.44,17.18,457333,TCS
2024-10-10,10.69,10.73,9.6952,10.17,47913,TCS
2024-10-09,9.15,10.94,9.15,10.87,87525,TCS
2024-10-08,10.08,10.43,8.61,9.23,53778,TCS
2024-10-07,8.0,10.77,7.55,10.17,269806,TCS
2024-10-04,8.02,8.02,7.57,7.6896,13805,TCS
2024-10-03,8.82,8.925,7.6572,7.87,63634,TCS
2024-10-02,9.31,9.33,8.8,8.93,73092,TCS
2024-10-01,9.09,9.35,8.895,9.07,7278,TCS
2024-09-30,9.5,9.5,8.87,9.26,93250,TCS
2024-09-27,9.75,9.9899,9.29,9.34,44935,TCS
2024-09-26,10.0,10.2,9.2301,9.64,44025,TCS
2024-09-25,11.73,11.73,9.53,9.8,84764,TCS
2024-09-24,12.13,12.36,11.71,11.86,14438,TCS
2024-09-23,12.41,12.41,11.8701,11.99,46184,TCS
2024-09-20,14.62,15.54,11.645,12.22,84093,TCS
2024-09-19,14.6,15.6,14.0832,14.8,58716,TCS
2024-09-18,13.55,14.8368,13.2373,14.18,75468,TCS
2024-09-17,12.5,13.89,11.7,13.73,57324,TCS
2024-09-16,10.11,13.97,9.5,12.48,188999,TCS
2025-10-23,17.5,17.645,17.35,17.53,14138830,INFY
2025-10-22,17.41,17.56,17.365,17.47,23013103,INFY
2025-10-21,16.76,17.41,16.72,17.41,24526950,INFY
2025-10-20,16.37,16.92,16.345,16.91,19872948,INFY
2025-10-17,16.135,16.39,16.135,16.33,12874555,INFY
2025-10-16,16.2,16.29,15.815,16.07,30758856,INFY
2025-10-15,16.55,16.665,16.44,16.44,23613322,INFY
2025-10-14,16.7,16.7,16.405,16.48,19181628,INFY
2025-10-13,16.67,16.8599,16.64,16.78,9959807,INFY
2025-10-10,17.0,17.07,16.58,16.58,15132747,INFY
2025-10-09,16.965,17.1759,16.88,17.06,21105928,INFY
2025-10-08,16.68,16.785,16.59,16.74,13231324,INFY
2025-10-07,16.47,16.47,16.26,16.39,15178858,INFY
2025-10-06,16.49,16.715,16.385,16.69,21090493,INFY
2025-10-03,16.24,16.25,16.07,16.23,15110143,INFY
2025-10-02,16.32,16.43,16.03,16.15,13738838,INFY
2025-10-01,16.22,16.4,16.21,16.37,15899286,INFY
2025-09-30,16.31,16.4356,16.21,16.27,13331590,INFY
2025-09-29,16.44,16.4799,16.22,16.32,19370271,INFY
2025-09-26,16.47,16.6,16.36,16.52,19463621,INFY
2025-09-25,16.75,16.86,16.49,16.54,17831301,INFY
2025-09-24,16.9,17.04,16.82,17.03,17049604,INFY
2025-09-23,17.11,17.14,16.88,16.88,11524522,INFY
2025-09-22,16.87,17.175,16.79,17.15,14994445,INFY
2025-09-19,17.55,17.605,16.24,16.97,54720207,INFY
2025-09-18,17.53,17.595,17.44,17.57,13245843,INFY
2025-09-17,17.2,17.78,17.195,17.68,32050779,INFY
2025-09-16,16.99,17.08,16.88,17.06,17749689,INFY
2025-09-15,16.985,17.1,16.84,16.92,18852771,INFY
2025-09-12,17.04,17.07,16.895,16.96,12967068,INFY
2025-09-11,16.89,17.14,16.555,17.07,30237614,INFY
2025-09-10,17.2,17.25,16.91,16.98,17813243,INFY
2025-09-09,16.99,17.14,16.925,17.01,14880286,INFY
2025-09-08,16.61,16.81,16.5,16.79,25548179,INFY
2025-09-05,16.49,16.64,16.32,16.38,23403965,INFY
2025-09-04,16.57,16.6,16.28,16.59,15167714,INFY
2025-09-03,16.8,16.85,16.495,16.64,19262859,INFY
2025-09-02,16.77,16.9,16.7,16.89,13503120,INFY
2025-08-29,16.73,16.89,16.65,16.82,17333226,INFY
2025-08-28,16.99,17.039,16.89,17.0,28336644,INFY
2025-08-27,17.23,17.39,17.16,17.36,10264959,INFY
2025-08-26,17.17,17.33,17.13,17.22,14770208,INFY
2025-08-25,17.43,17.455,17.3,17.33,17187396,INFY
2025-08-22,17.0,17.38,16.98,17.34,33953355,INFY
2025-08-21,16.91,17.055,16.89,17.05,19974125,INFY
2025-08-20,17.07,17.19,16.965,17.01,22949880,INFY
2025-08-19,16.48,16.675,16.46,16.6,18923314,INFY
2025-08-18,16.36,16.43,16.26,16.41,11116238,INFY
2025-08-15,16.4,16.66,16.4,16.56,9001135,INFY
2025-08-14,16.33,16.41,16.1146,16.36,18675523,INFY
2025-08-13,16.14,16.42,16.08,16.38,27608682,INFY
2025-08-12,15.98,16.12,15.91,16.07,18403233,INFY
2025-08-11,15.99,16.17,15.92,15.98,20161776,INFY
2025-08-08,16.09,16.12,15.955,15.99,13909877,INFY
2025-08-07,16.17,16.33,15.98,16.02,19616576,INFY
2025-08-06,16.14,16.19,15.97,16.07,16992590,INFY
2025-08-05,16.47,16.49,16.19,16.2,22539895,INFY
2025-08-04,16.55,16.675,16.44,16.48,18306007,INFY
2025-08-01,16.65,16.65,16.37,16.41,20078427,INFY
2025-07-31,17.01,17.02,16.71,16.72,15926444,INFY
2025-07-30,17.12,17.125,16.89,16.95,13279144,INFY
2025-07-29,17.28,17.29,17.1148,17.21,11563738,INFY
2025-07-28,17.32,17.3367,17.06,17.16,21715441,INFY
2025-07-25,17.46,17.46,17.25,17.37,19088058,INFY
2025-07-24,17.88,17.88,17.59,17.68,14676110,INFY
2025-07-23,18.46,18.83,18.395,18.45,24739708,INFY
2025-07-22,18.12,18.3,18.1036,18.26,18870493,INFY
2025-07-21,18.19,18.34,18.165,18.19,11469297,INFY
2025-07-18,18.35,18.38,18.135,18.21,9706758,INFY
2025-07-17,18.36,18.52,18.2824,18.47,13528151,INFY
2025-07-16,18.47,18.51,18.34,18.5,15715456,INFY
2025-07-15,18.25,18.32,18.195,18.22,14013677,INFY
2025-07-14,18.01,18.12,17.9,18.01,14495423,INFY
2025-07-11,18.3,18.35,18.185,18.19,16461228,INFY
2025-07-10,18.36,18.42,18.055,18.1,27407642,INFY
2025-07-09,18.99,19.0,18.715,18.82,13092809,INFY
2025-07-08,18.89,19.06,18.82,18.89,10832422,INFY
2025-07-07,18.86,18.96,18.76,18.82,8790483,INFY
2025-07-03,18.9,18.98,18.86,18.96,4267315,INFY
2025-07-02,18.75,18.89,18.67,18.88,9428318,INFY
2025-07-01,18.71,18.98,18.56,18.9,15010108,INFY
2025-06-30,18.55,18.56,18.46,18.53,12743302,INFY
2025-06-27,18.64,18.66,18.41,18.52,13502088,INFY
2025-06-26,18.63,18.665,18.52,18.6,14327729,INFY
2025-06-25,18.57,18.64,18.49,18.51,10846475,INFY
2025-06-24,18.15,18.31,18.15,18.3,8763746,INFY
2025-06-23,17.86,18.1,17.83,18.1,15272755,INFY
2025-06-20,18.33,18.37,17.68,17.68,37327068,INFY
2025-06-18,18.65,18.66,18.43,18.43,10915923,INFY
2025-06-17,18.75,18.86,18.67,18.67,10129078,INFY
2025-06-16,18.73,18.82,18.7,18.75,9604106,INFY
2025-06-13,18.48,18.56,18.37,18.42,10471883,INFY
2025-06-12,18.48,18.63,18.39,18.56,11362622,INFY
2025-06-11,18.88,18.93,18.595,18.61,15531321,INFY
2025-06-10,18.57,18.67,18.455,18.51,9545898,INFY
2025-06-09,18.23,18.3554,18.22,18.29,5386657,INFY
2025-06-06,18.19,18.255,18.15,18.2,6426289,INFY
2025-06-05,18.0,18.0,17.85,17.93,9591066,INFY
2025-06-04,18.035,18.1,17.815,17.85,7541704,INFY
2025-06-03,18.02,18.12,17.93,18.04,11219803,INFY
